jumpingjacks, 0
punch, 0
evade, 0

Data:
jumpingjacks, 0
punch, 0
evade, 0

Data:
jumpingjacks, 0
punch, 0
evade, 0

Data:
jumpingjacks, 0
punch, 0
evade, 0

Data:
jumpingjacks, 0
punch, 0
evade, 0

Data:
jumpingjacks, 0
punch, 0
evade, 0

Data:
jumpingjacks, 0
punch, 0
evade, 0

Data:
jumpingjacks, 0
punch, 0
evade, 0

Data 0_third_person_ik_arms_dynamic_poses:
jumpingjacks, 0
punch, 0
baseball, 0

Data 0_third_person_ik_arms_dynamic_poses:
jumpingjacks, 0
punch, 0
baseball, 0

Data 0_third_person_ik_arms_dynamic_poses:
jumpingjacks, 0
punch, 0
baseball, 0

Data 0_third_person_ik_arms_dynamic_poses:
jumpingjacks, 0
punch, 0
baseball, 0
